Model,Segment,Customers,Target_Rate,Macro_F1,Balanced_Accuracy,Recall_Class_0,Recall_Class_1,Precision_Class_1,Avg_Purchase_Probability
Random Forest,New_or_One_Time,6162,0.46153846153846156,0.5291902239775201,0.5649989953787422,0.8782399035563593,0.2517580872011252,0.6392857142857142,0.36987014796310663
Random Forest,Recently_Active,3417,0.8077260755048288,0.5332145149376358,0.540084210178016,0.1080669710806697,0.9721014492753624,0.8207402875497094,0.782812145524423
Random Forest,Established,1837,0.7033206314643441,0.6092110373561189,0.6044763825375635,0.27706422018348625,0.9318885448916409,0.753441802252816,0.6522037341309906
Random Forest,Dormant,162,0.5,0.6672479944192535,0.6728395061728395,0.8024691358024691,0.5432098765432098,0.7333333333333333,0.4209777116074256
