Model,Segment,Customers,Target_Rate,Macro_F1,Balanced_Accuracy,Recall_Class_0,Recall_Class_1,Precision_Class_1,Avg_Purchase_Probability
Random Forest,New_or_One_Time,7448,0.454484425349087,0.529924279740671,0.5661634645762039,0.8880137829190253,0.24431314623338257,0.6450858034321373,0.37158881491635193
Random Forest,Recently_Active,3984,0.8097389558232931,0.5347979675066558,0.5410704909156638,0.10817941952506596,0.9739615623062616,0.822943949711891,0.7847270379678096
Random Forest,Established,2135,0.7049180327868853,0.6150576784695209,0.6086932447397564,0.2904761904761905,0.9269102990033222,0.757328990228013,0.6516947580782041
Random Forest,Dormant,183,0.5027322404371585,0.6685583192465587,0.672718585762064,0.7802197802197802,0.5652173913043478,0.7222222222222222,0.4319315249110664
