Model,Folds,Mean_AUC,Std_AUC,Mean_Macro_F1,Std_Macro_F1,Mean_Balanced_Accuracy,Mean_Recall_Class_0,Mean_Recall_Class_1,Mean_Lift_Top_10pct
Random Forest,6,0.752695666379498,0.011659439627120448,0.6744354215745977,0.021030827710385412,0.6841285820586326,0.7090370789541245,0.6592200851631405,1.6208506779672078
XGBoost,6,0.747769253062743,0.014530938427571326,0.6734041269793908,0.021838621470560513,0.6793940236590797,0.675564675497661,0.6832233718204984,1.6170557263310246
Logistic Regression,6,0.7243126582251298,0.019830465602049895,0.6415299225019154,0.032561646681786474,0.6482297985539832,0.6090741978508399,0.6873853992571265,1.6001576842073517
